--
-- PostgreSQL database dump
--

-- Dumped from database version 12.17 (Ubuntu 12.17-1.pgdg22.04+1)
-- Dumped by pg_dump version 12.17 (Ubuntu 12.17-1.pgdg22.04+1)

SET statement_timeout = 0;
SET lock_timeout = 0;
SET idle_in_transaction_session_timeout = 0;
SET client_encoding = 'UTF8';
SET standard_conforming_strings = on;
SELECT pg_catalog.set_config('search_path', '', false);
SET check_function_bodies = false;
SET xmloption = content;
SET client_min_messages = warning;
SET row_security = off;

DROP DATABASE universe;
--
-- Name: universe; Type: DATABASE; Schema: -; Owner: freecodecamp
--

CREATE DATABASE universe WITH TEMPLATE = template0 ENCODING = 'UTF8' LC_COLLATE = 'C.UTF-8' LC_CTYPE = 'C.UTF-8';


ALTER DATABASE universe OWNER TO freecodecamp;

\connect universe

SET statement_timeout = 0;
SET lock_timeout = 0;
SET idle_in_transaction_session_timeout = 0;
SET client_encoding = 'UTF8';
SET standard_conforming_strings = on;
SELECT pg_catalog.set_config('search_path', '', false);
SET check_function_bodies = false;
SET xmloption = content;
SET client_min_messages = warning;
SET row_security = off;

SET default_tablespace = '';

SET default_table_access_method = heap;

--
-- Name: employees; Type: TABLE; Schema: public; Owner: freecodecamp
--

CREATE TABLE public.employees (
    employe_id integer NOT NULL,
    spacecraft_id integer NOT NULL,
    name character varying NOT NULL,
    employed_since date,
    salary integer,
    specialty text
);


ALTER TABLE public.employees OWNER TO freecodecamp;

--
-- Name: employees_employe_id_seq; Type: SEQUENCE; Schema: public; Owner: freecodecamp
--

ALTER TABLE public.employees ALTER COLUMN employe_id ADD GENERATED BY DEFAULT AS IDENTITY (
    SEQUENCE NAME public.employees_employe_id_seq
    START WITH 1
    INCREMENT BY 1
    NO MINVALUE
    NO MAXVALUE
    CACHE 1
);


--
-- Name: galaxy; Type: TABLE; Schema: public; Owner: freecodecamp
--

CREATE TABLE public.galaxy (
    galaxy_id integer NOT NULL,
    name character varying NOT NULL,
    gdescription character(30),
    gage_in_millions_of_years integer,
    galaxy_types character(50),
    gdistance_from_earth integer,
    quadrant_in_universe character(30),
    war_status character(30)
);


ALTER TABLE public.galaxy OWNER TO freecodecamp;

--
-- Name: galaxy_galaxy_id_seq; Type: SEQUENCE; Schema: public; Owner: freecodecamp
--

ALTER TABLE public.galaxy ALTER COLUMN galaxy_id ADD GENERATED BY DEFAULT AS IDENTITY (
    SEQUENCE NAME public.galaxy_galaxy_id_seq
    START WITH 1
    INCREMENT BY 1
    NO MINVALUE
    NO MAXVALUE
    CACHE 1
);


--
-- Name: moon; Type: TABLE; Schema: public; Owner: freecodecamp
--

CREATE TABLE public.moon (
    moon_id integer NOT NULL,
    planet_id integer NOT NULL,
    name character varying NOT NULL,
    mdescription character(30),
    moon_type character(30),
    mhas_life boolean,
    mlife_forms text,
    mdominant_species character(30),
    mis_spherical boolean
);


ALTER TABLE public.moon OWNER TO freecodecamp;

--
-- Name: moon_moon_id_seq; Type: SEQUENCE; Schema: public; Owner: freecodecamp
--

ALTER TABLE public.moon ALTER COLUMN moon_id ADD GENERATED BY DEFAULT AS IDENTITY (
    SEQUENCE NAME public.moon_moon_id_seq
    START WITH 1
    INCREMENT BY 1
    NO MINVALUE
    NO MAXVALUE
    CACHE 1
);


--
-- Name: planet; Type: TABLE; Schema: public; Owner: freecodecamp
--

CREATE TABLE public.planet (
    planet_id integer NOT NULL,
    star_id integer NOT NULL,
    name character varying NOT NULL,
    pdescription character(30),
    planet_type character(30),
    orbit_level character(30),
    valuables character(30),
    has_athmosphere boolean,
    athmosphere_type character(30),
    phas_life boolean,
    plife_forms character(60),
    dominant_species character(30),
    page_in_millions_of_years integer,
    has_moons boolean,
    pis_spherical boolean
);


ALTER TABLE public.planet OWNER TO freecodecamp;

--
-- Name: planet_planet_id_seq; Type: SEQUENCE; Schema: public; Owner: freecodecamp
--

ALTER TABLE public.planet ALTER COLUMN planet_id ADD GENERATED BY DEFAULT AS IDENTITY (
    SEQUENCE NAME public.planet_planet_id_seq
    START WITH 1
    INCREMENT BY 1
    NO MINVALUE
    NO MAXVALUE
    CACHE 1
);


--
-- Name: spacecraft; Type: TABLE; Schema: public; Owner: freecodecamp
--

CREATE TABLE public.spacecraft (
    spacecraft_id integer NOT NULL,
    planet_id integer NOT NULL,
    name character varying NOT NULL,
    scdescription character(30),
    spacecraft_type character(30),
    crew_capacity integer,
    weapons text,
    captain character(30)
);


ALTER TABLE public.spacecraft OWNER TO freecodecamp;

--
-- Name: spacecraft_spacecraft_id_seq; Type: SEQUENCE; Schema: public; Owner: freecodecamp
--

ALTER TABLE public.spacecraft ALTER COLUMN spacecraft_id ADD GENERATED BY DEFAULT AS IDENTITY (
    SEQUENCE NAME public.spacecraft_spacecraft_id_seq
    START WITH 1
    INCREMENT BY 1
    NO MINVALUE
    NO MAXVALUE
    CACHE 1
);


--
-- Name: star; Type: TABLE; Schema: public; Owner: freecodecamp
--

CREATE TABLE public.star (
    star_id integer NOT NULL,
    galaxy_id integer NOT NULL,
    name character varying NOT NULL,
    sdescription character(30),
    star_type character(30),
    sage_in_millions_of_years numeric,
    has_planets boolean,
    sdistance_from_earth integer,
    has_dysonsphere boolean,
    ds_coverage text
);


ALTER TABLE public.star OWNER TO freecodecamp;

--
-- Name: star_star_id_seq; Type: SEQUENCE; Schema: public; Owner: freecodecamp
--

ALTER TABLE public.star ALTER COLUMN star_id ADD GENERATED BY DEFAULT AS IDENTITY (
    SEQUENCE NAME public.star_star_id_seq
    START WITH 1
    INCREMENT BY 1
    NO MINVALUE
    NO MAXVALUE
    CACHE 1
);


--
-- Data for Name: employees; Type: TABLE DATA; Schema: public; Owner: freecodecamp
--



--
-- Data for Name: galaxy; Type: TABLE DATA; Schema: public; Owner: freecodecamp
--

INSERT INTO public.galaxy VALUES (1, 'Styx Theta ', NULL, 145, NULL, 52906, 'North                         ', NULL);
INSERT INTO public.galaxy VALUES (2, 'Voyager Cluster ', NULL, 296, NULL, 56113, 'North                         ', NULL);
INSERT INTO public.galaxy VALUES (3, 'Hades Gamma ', NULL, 113, NULL, 74022, 'North                         ', NULL);
INSERT INTO public.galaxy VALUES (4, 'Exodus Cluster ', NULL, 156, NULL, 30942, 'North                         ', NULL);
INSERT INTO public.galaxy VALUES (5, 'Artemis Tau ', NULL, 111, NULL, 57241, 'North                         ', NULL);
INSERT INTO public.galaxy VALUES (6, 'Maroon Sea ', NULL, 254, NULL, 43483, 'North                         ', NULL);
INSERT INTO public.galaxy VALUES (7, 'Hawking Eta ', NULL, 123, NULL, 58478, 'North                         ', NULL);
INSERT INTO public.galaxy VALUES (8, 'Horse Head Nebula ', NULL, 41, NULL, 109854, 'North                         ', NULL);
INSERT INTO public.galaxy VALUES (9, 'Armstrong Nebula ', NULL, 283, NULL, 103697, 'North                         ', NULL);
INSERT INTO public.galaxy VALUES (10, 'Argos Rho ', NULL, 38, NULL, 87564, 'North                         ', NULL);
INSERT INTO public.galaxy VALUES (11, 'Gemini Sigma ', NULL, 285, NULL, 64077, 'North                         ', NULL);
INSERT INTO public.galaxy VALUES (12, 'Attican Beta ', NULL, 24, NULL, 14744, 'North                         ', NULL);
INSERT INTO public.galaxy VALUES (13, 'Kepler Verge ', NULL, 38, NULL, 114226, 'North                         ', NULL);
INSERT INTO public.galaxy VALUES (14, 'Sentry Omega ', NULL, 217, NULL, 46656, 'North                         ', NULL);
INSERT INTO public.galaxy VALUES (15, 'Pangaea Expanse ', NULL, 322, NULL, 117615, 'North                         ', NULL);
INSERT INTO public.galaxy VALUES (16, 'Local Cluster ', NULL, 203, NULL, 15571, 'North                         ', NULL);
INSERT INTO public.galaxy VALUES (17, 'Serpent Nebula ', NULL, 100, NULL, 10218, 'North                         ', NULL);


--
-- Data for Name: moon; Type: TABLE DATA; Schema: public; Owner: freecodecamp
--

INSERT INTO public.moon VALUES (1, 2, 'Alpha-moon_Alta', NULL, NULL, NULL, NULL, NULL, NULL);
INSERT INTO public.moon VALUES (2, 37, 'NONE', NULL, NULL, NULL, NULL, NULL, NULL);
INSERT INTO public.moon VALUES (4, 6, 'Alpha-moon_Ageb', NULL, NULL, NULL, NULL, NULL, NULL);
INSERT INTO public.moon VALUES (5, 11, 'Alpha-moon_Agek', NULL, NULL, NULL, NULL, NULL, NULL);
INSERT INTO public.moon VALUES (6, 32, 'Alpha-moon_Alma', NULL, NULL, NULL, NULL, NULL, NULL);
INSERT INTO public.moon VALUES (7, 33, 'Alpha-moon_Anti', NULL, NULL, NULL, NULL, NULL, NULL);
INSERT INTO public.moon VALUES (8, 17, 'Alpha-moon_Aste', NULL, NULL, NULL, NULL, NULL, NULL);
INSERT INTO public.moon VALUES (10, 38, 'Gamma-moon_Canc', NULL, NULL, NULL, NULL, NULL, NULL);
INSERT INTO public.moon VALUES (11, 53, 'Gamma-moon_Chof', NULL, NULL, NULL, NULL, NULL, NULL);
INSERT INTO public.moon VALUES (12, 27, 'Gamma-moon_Choh', NULL, NULL, NULL, NULL, NULL, NULL);
INSERT INTO public.moon VALUES (13, 22, 'Gamma-moon_Circ', NULL, NULL, NULL, NULL, NULL, NULL);
INSERT INTO public.moon VALUES (14, 43, 'Gamma-moon_Cloj', NULL, NULL, NULL, NULL, NULL, NULL);
INSERT INTO public.moon VALUES (15, 34, 'Gamma-moon_Clot', NULL, NULL, NULL, NULL, NULL, NULL);
INSERT INTO public.moon VALUES (16, 7, 'Delta-moon_Dern', NULL, NULL, NULL, NULL, NULL, NULL);
INSERT INTO public.moon VALUES (17, 12, 'Epsilon-moon_Edmo', NULL, NULL, NULL, NULL, NULL, NULL);
INSERT INTO public.moon VALUES (18, 28, 'Funny-moon_Fari', NULL, NULL, NULL, NULL, NULL, NULL);
INSERT INTO public.moon VALUES (19, 35, 'Funny-moon_Farn', NULL, NULL, NULL, NULL, NULL, NULL);
INSERT INTO public.moon VALUES (20, 3, 'Funny-moon_Fart', NULL, NULL, NULL, NULL, NULL, NULL);
INSERT INTO public.moon VALUES (21, 48, 'Gamma-moon_Grem', NULL, NULL, NULL, NULL, NULL, NULL);
INSERT INTO public.moon VALUES (22, 44, 'Gamma-moon_Grom', NULL, NULL, NULL, NULL, NULL, NULL);
INSERT INTO public.moon VALUES (23, 4, 'Gamma-moon_Gros', NULL, NULL, NULL, NULL, NULL, NULL);
INSERT INTO public.moon VALUES (24, 13, 'Hercules-moon_Huni', NULL, NULL, NULL, NULL, NULL, NULL);
INSERT INTO public.moon VALUES (36, 24, 'Punny-moon_Phar', NULL, NULL, NULL, NULL, NULL, NULL);
INSERT INTO public.moon VALUES (37, 14, 'Punny-moon_Plob', NULL, NULL, NULL, NULL, NULL, NULL);
INSERT INTO public.moon VALUES (38, 40, 'Punny-moon_Pres', NULL, NULL, NULL, NULL, NULL, NULL);
INSERT INTO public.moon VALUES (39, 25, 'Punny-moon_Prot', NULL, NULL, NULL, NULL, NULL, NULL);
INSERT INTO public.moon VALUES (41, 26, 'Severin-moon_Sala', NULL, NULL, NULL, NULL, NULL, NULL);
INSERT INTO public.moon VALUES (42, 8, 'Severin-moon_Sone', NULL, NULL, NULL, NULL, NULL, NULL);
INSERT INTO public.moon VALUES (43, 9, 'Severin-moon_Sybi', NULL, NULL, NULL, NULL, NULL, NULL);
INSERT INTO public.moon VALUES (44, 41, 'Teta-moon_Tama', NULL, NULL, NULL, NULL, NULL, NULL);
INSERT INTO public.moon VALUES (45, 20, 'Teta-moon_Terr', NULL, NULL, NULL, NULL, NULL, NULL);
INSERT INTO public.moon VALUES (46, 42, 'Teta-moon_Thar', NULL, NULL, NULL, NULL, NULL, NULL);
INSERT INTO public.moon VALUES (47, 15, 'Teta-moon_Treb', NULL, NULL, NULL, NULL, NULL, NULL);
INSERT INTO public.moon VALUES (48, 10, 'Teta-moon_Trem', NULL, NULL, NULL, NULL, NULL, NULL);
INSERT INTO public.moon VALUES (49, 29, 'Teta-moon_Trey', NULL, NULL, NULL, NULL, NULL, NULL);
INSERT INTO public.moon VALUES (50, 21, 'Teta-moon_Tyr ', NULL, NULL, NULL, NULL, NULL, NULL);


--
-- Data for Name: planet; Type: TABLE DATA; Schema: public; Owner: freecodecamp
--

INSERT INTO public.planet VALUES (1, 1, '(asteroid, carbonaceous) ', NULL, NULL, 'UNKNOWN                       ', '1×I                           ', NULL, NULL, NULL, NULL, NULL, 31, NULL, NULL);
INSERT INTO public.planet VALUES (2, 1, 'Altahe ', NULL, NULL, 'Second                        ', '1×H 1×R 1×W                   ', NULL, NULL, NULL, NULL, NULL, 169, NULL, NULL);
INSERT INTO public.planet VALUES (3, 1, 'Farthorl ', NULL, NULL, 'First                         ', '                              ', NULL, NULL, NULL, NULL, NULL, 300, NULL, NULL);
INSERT INTO public.planet VALUES (4, 1, 'Grosalgen ', NULL, NULL, 'Third                         ', '1×L                           ', NULL, NULL, NULL, NULL, NULL, 176, NULL, NULL);
INSERT INTO public.planet VALUES (5, 1, 'Imaneya ', NULL, NULL, 'Fourth                        ', '                              ', NULL, NULL, NULL, NULL, NULL, 246, NULL, NULL);
INSERT INTO public.planet VALUES (6, 2, 'Agebinium ', NULL, NULL, 'First                         ', '2×L 1×R 1×I                   ', NULL, NULL, NULL, NULL, NULL, 301, NULL, NULL);
INSERT INTO public.planet VALUES (7, 2, 'Derneuca ', NULL, NULL, 'Second                        ', '                              ', NULL, NULL, NULL, NULL, NULL, 296, NULL, NULL);
INSERT INTO public.planet VALUES (8, 2, 'Sonedma ', NULL, NULL, 'Third                         ', '1×R                           ', NULL, NULL, NULL, NULL, NULL, 326, NULL, NULL);
INSERT INTO public.planet VALUES (9, 2, 'Sybin ', NULL, NULL, 'Fourth                        ', '1×I                           ', NULL, NULL, NULL, NULL, NULL, 94, NULL, NULL);
INSERT INTO public.planet VALUES (10, 2, 'Tremar ', NULL, NULL, 'Fifth                         ', '1×G                           ', NULL, NULL, NULL, NULL, NULL, 53, NULL, NULL);
INSERT INTO public.planet VALUES (11, 3, 'Ageko ', NULL, NULL, 'First                         ', '                              ', NULL, NULL, NULL, NULL, NULL, 179, NULL, NULL);
INSERT INTO public.planet VALUES (12, 3, 'Edmos ', NULL, NULL, 'Second                        ', '1×G                           ', NULL, NULL, NULL, NULL, NULL, 234, NULL, NULL);
INSERT INTO public.planet VALUES (13, 3, 'Hunidor ', NULL, NULL, 'Sixth                         ', '                              ', NULL, NULL, NULL, NULL, NULL, 180, NULL, NULL);
INSERT INTO public.planet VALUES (14, 3, 'Ploba ', NULL, NULL, 'Third                         ', '1×W                           ', NULL, NULL, NULL, NULL, NULL, 297, NULL, NULL);
INSERT INTO public.planet VALUES (15, 3, 'Trebin ', NULL, NULL, 'Fourth                        ', '2×R 1×I                       ', NULL, NULL, NULL, NULL, NULL, 71, NULL, NULL);
INSERT INTO public.planet VALUES (16, 3, 'Vemal ', NULL, NULL, 'Fifth                         ', '1×R                           ', NULL, NULL, NULL, NULL, NULL, 50, NULL, NULL);
INSERT INTO public.planet VALUES (17, 4, 'Asteroid X57 ', NULL, NULL, 'UNKNOWN                       ', '                              ', NULL, NULL, NULL, NULL, NULL, 38, NULL, NULL);
INSERT INTO public.planet VALUES (18, 4, 'Borr ', NULL, NULL, 'UNKNOWN                       ', '                              ', NULL, NULL, NULL, NULL, NULL, 122, NULL, NULL);
INSERT INTO public.planet VALUES (19, 4, 'Loki ', NULL, NULL, 'UNKNOWN                       ', '                              ', NULL, NULL, NULL, NULL, NULL, 27, NULL, NULL);
INSERT INTO public.planet VALUES (20, 4, 'Terra Nova ', NULL, NULL, 'UNKNOWN                       ', '                              ', NULL, NULL, NULL, NULL, NULL, 58, NULL, NULL);
INSERT INTO public.planet VALUES (21, 4, 'Tyr ', NULL, NULL, 'UNKNOWN                       ', '                              ', NULL, NULL, NULL, NULL, NULL, 124, NULL, NULL);
INSERT INTO public.planet VALUES (22, 5, 'Circe ', NULL, NULL, 'Fourth                        ', '1×G                           ', NULL, NULL, NULL, NULL, NULL, 227, NULL, NULL);
INSERT INTO public.planet VALUES (23, 5, 'Nausicaa ', NULL, NULL, 'Third                         ', '                              ', NULL, NULL, NULL, NULL, NULL, 148, NULL, NULL);
INSERT INTO public.planet VALUES (24, 5, 'Pharos ', NULL, NULL, 'Fifth                         ', '1×I                           ', NULL, NULL, NULL, NULL, NULL, 54, NULL, NULL);
INSERT INTO public.planet VALUES (25, 5, 'Proteus ', NULL, NULL, 'Second                        ', '1×G                           ', NULL, NULL, NULL, NULL, NULL, 102, NULL, NULL);
INSERT INTO public.planet VALUES (26, 5, 'Salamis ', NULL, NULL, 'First                         ', '                              ', NULL, NULL, NULL, NULL, NULL, 290, NULL, NULL);
INSERT INTO public.planet VALUES (27, 6, 'Chohe ', NULL, NULL, 'Second                        ', '1×H 1×R 3×W                   ', NULL, NULL, NULL, NULL, NULL, 240, NULL, NULL);
INSERT INTO public.planet VALUES (28, 6, 'Faringor ', NULL, NULL, 'Fourth                        ', '1×R                           ', NULL, NULL, NULL, NULL, NULL, 163, NULL, NULL);
INSERT INTO public.planet VALUES (29, 6, 'Treyarmus ', NULL, NULL, 'Fifth                         ', '                              ', NULL, NULL, NULL, NULL, NULL, 294, NULL, NULL);
INSERT INTO public.planet VALUES (30, 6, 'Xamarri ', NULL, NULL, 'Third                         ', '                              ', NULL, NULL, NULL, NULL, NULL, 215, NULL, NULL);
INSERT INTO public.planet VALUES (31, 6, 'Zayarter ', NULL, NULL, 'First                         ', '1×H                           ', NULL, NULL, NULL, NULL, NULL, 97, NULL, NULL);
INSERT INTO public.planet VALUES (32, 7, 'Almarcrux ', NULL, NULL, 'Third                         ', '                              ', NULL, NULL, NULL, NULL, NULL, 68, NULL, NULL);
INSERT INTO public.planet VALUES (33, 7, 'Antida ', NULL, NULL, 'Fourth                        ', '1×I                           ', NULL, NULL, NULL, NULL, NULL, 330, NULL, NULL);
INSERT INTO public.planet VALUES (34, 7, 'Clotanca ', NULL, NULL, 'First                         ', '1×H                           ', NULL, NULL, NULL, NULL, NULL, 289, NULL, NULL);
INSERT INTO public.planet VALUES (35, 7, 'Farnuri ', NULL, NULL, 'Second                        ', '1×H                           ', NULL, NULL, NULL, NULL, NULL, 262, NULL, NULL);
INSERT INTO public.planet VALUES (36, 7, 'MSV Cornucopia ', NULL, NULL, 'UNKNOWN                       ', '                              ', NULL, NULL, NULL, NULL, NULL, 27, NULL, NULL);
INSERT INTO public.planet VALUES (37, 8, '(asteroid, metallic) ', NULL, NULL, 'UNKNOWN                       ', '1×H                           ', NULL, NULL, NULL, NULL, NULL, 197, NULL, NULL);
INSERT INTO public.planet VALUES (38, 8, 'Canctra ', NULL, NULL, 'Third                         ', '1×L                           ', NULL, NULL, NULL, NULL, NULL, 200, NULL, NULL);
INSERT INTO public.planet VALUES (39, 8, 'Klendagon ', NULL, NULL, 'Second                        ', '                              ', NULL, NULL, NULL, NULL, NULL, 191, NULL, NULL);
INSERT INTO public.planet VALUES (40, 8, 'Presrop ', NULL, NULL, 'Klendagon                     ', '1×H 1×R 1×I                   ', NULL, NULL, NULL, NULL, NULL, 323, NULL, NULL);
INSERT INTO public.planet VALUES (41, 8, 'Tamahera ', NULL, NULL, 'First                         ', '                              ', NULL, NULL, NULL, NULL, NULL, 232, NULL, NULL);
INSERT INTO public.planet VALUES (42, 8, 'Tharopto ', NULL, NULL, 'Fourth                        ', '1×M                           ', NULL, NULL, NULL, NULL, NULL, 173, NULL, NULL);
INSERT INTO public.planet VALUES (43, 9, 'Clojiia ', NULL, NULL, 'First                         ', '                              ', NULL, NULL, NULL, NULL, NULL, 100, NULL, NULL);
INSERT INTO public.planet VALUES (44, 9, 'Gromar ', NULL, NULL, 'Fourth                        ', '1×M                           ', NULL, NULL, NULL, NULL, NULL, 19, NULL, NULL);
INSERT INTO public.planet VALUES (45, 9, 'Nepheron ', NULL, NULL, 'Second                        ', '1×H 1×L 1×R 1×T               ', NULL, NULL, NULL, NULL, NULL, 33, NULL, NULL);
INSERT INTO public.planet VALUES (46, 9, 'Ontaheter ', NULL, NULL, 'Third                         ', '1×R                           ', NULL, NULL, NULL, NULL, NULL, 115, NULL, NULL);
INSERT INTO public.planet VALUES (48, 10, 'Gremar ', NULL, NULL, 'Fourth                        ', '                              ', NULL, NULL, NULL, NULL, NULL, 15, NULL, NULL);
INSERT INTO public.planet VALUES (49, 10, 'Jartar ', NULL, NULL, 'First                         ', '                              ', NULL, NULL, NULL, NULL, NULL, 307, NULL, NULL);
INSERT INTO public.planet VALUES (50, 10, 'Klensal ', NULL, NULL, 'Third                         ', '1×H 1×L 1×M                   ', NULL, NULL, NULL, NULL, NULL, 131, NULL, NULL);
INSERT INTO public.planet VALUES (51, 10, 'Nearrum ', NULL, NULL, 'Second                        ', '1×L                           ', NULL, NULL, NULL, NULL, NULL, 12, NULL, NULL);
INSERT INTO public.planet VALUES (52, 10, 'Raysha ', NULL, NULL, 'Fifth                         ', '1×I                           ', NULL, NULL, NULL, NULL, NULL, 58, NULL, NULL);
INSERT INTO public.planet VALUES (53, 11, 'Chofen ', NULL, NULL, 'Fourth                        ', '                              ', NULL, NULL, NULL, NULL, NULL, 169, NULL, NULL);
INSERT INTO public.planet VALUES (54, 11, 'Nepmos ', NULL, NULL, 'First                         ', '1×H 1×L 1×R 1×M               ', NULL, NULL, NULL, NULL, NULL, 158, NULL, NULL);
INSERT INTO public.planet VALUES (55, 11, 'Quaji ', NULL, NULL, 'Second                        ', '1×H                           ', NULL, NULL, NULL, NULL, NULL, 134, NULL, NULL);
INSERT INTO public.planet VALUES (56, 11, 'Wermani ', NULL, NULL, 'Third                         ', '1×D                           ', NULL, NULL, NULL, NULL, NULL, 197, NULL, NULL);
INSERT INTO public.planet VALUES (57, 12, '(asteroid, rocky) ', NULL, NULL, 'UNKNOWN                       ', '1×L                           ', NULL, NULL, NULL, NULL, NULL, 130, NULL, NULL);
INSERT INTO public.planet VALUES (58, 12, 'Juntauma ', NULL, NULL, 'Second                        ', '1×D                           ', NULL, NULL, NULL, NULL, NULL, 251, NULL, NULL);
INSERT INTO public.planet VALUES (59, 12, 'MSV Ontario ', NULL, NULL, 'UNKNOWN                       ', '                              ', NULL, NULL, NULL, NULL, NULL, 168, NULL, NULL);
INSERT INTO public.planet VALUES (60, 12, 'Nepneu ', NULL, NULL, 'Third                         ', '1×R                           ', NULL, NULL, NULL, NULL, NULL, 86, NULL, NULL);
INSERT INTO public.planet VALUES (61, 12, 'Tunshagon ', NULL, NULL, 'First                         ', '                              ', NULL, NULL, NULL, NULL, NULL, 192, NULL, NULL);
INSERT INTO public.planet VALUES (62, 13, 'Amaranthine ', NULL, NULL, 'Third                         ', '1×H 2×R 1×I                   ', NULL, NULL, NULL, NULL, NULL, 163, NULL, NULL);
INSERT INTO public.planet VALUES (63, 13, 'Maganlis ', NULL, NULL, 'First                         ', '1×I                           ', NULL, NULL, NULL, NULL, NULL, 178, NULL, NULL);
INSERT INTO public.planet VALUES (64, 13, 'Therumlon ', NULL, NULL, 'Second                        ', '1×R                           ', NULL, NULL, NULL, NULL, NULL, 126, NULL, NULL);
INSERT INTO public.planet VALUES (65, 13, 'Wentania ', NULL, NULL, 'Fourth                        ', '                              ', NULL, NULL, NULL, NULL, NULL, 137, NULL, NULL);
INSERT INTO public.planet VALUES (66, 14, 'Antirumgon ', NULL, NULL, 'Fifth                         ', '1×L                           ', NULL, NULL, NULL, NULL, NULL, 268, NULL, NULL);
INSERT INTO public.planet VALUES (67, 14, 'Junthor ', NULL, NULL, 'First                         ', '1×W                           ', NULL, NULL, NULL, NULL, NULL, 117, NULL, NULL);
INSERT INTO public.planet VALUES (68, 14, 'Pressha ', NULL, NULL, 'Second                        ', '                              ', NULL, NULL, NULL, NULL, NULL, 76, NULL, NULL);
INSERT INTO public.planet VALUES (69, 14, 'Rayingri ', NULL, NULL, 'Third                         ', '1×L 2×R 1×M                   ', NULL, NULL, NULL, NULL, NULL, 146, NULL, NULL);
INSERT INTO public.planet VALUES (70, 14, 'Sogelrus ', NULL, NULL, 'Fourth                        ', '                              ', NULL, NULL, NULL, NULL, NULL, 282, NULL, NULL);
INSERT INTO public.planet VALUES (71, 15, 'Camaron ', NULL, NULL, 'Third                         ', '                              ', NULL, NULL, NULL, NULL, NULL, 278, NULL, NULL);
INSERT INTO public.planet VALUES (72, 15, 'Sharblu ', NULL, NULL, 'Fourth                        ', '                              ', NULL, NULL, NULL, NULL, NULL, 288, NULL, NULL);
INSERT INTO public.planet VALUES (73, 15, 'Slekon ', NULL, NULL, 'Fifth                         ', '                              ', NULL, NULL, NULL, NULL, NULL, 80, NULL, NULL);
INSERT INTO public.planet VALUES (74, 15, 'Unidentified Space Facility ', NULL, NULL, 'UNKNOWN                       ', '                              ', NULL, NULL, NULL, NULL, NULL, 68, NULL, NULL);
INSERT INTO public.planet VALUES (75, 15, 'Vectra ', NULL, NULL, 'Second                        ', '                              ', NULL, NULL, NULL, NULL, NULL, 240, NULL, NULL);
INSERT INTO public.planet VALUES (76, 15, 'Wuo ', NULL, NULL, 'First                         ', '                              ', NULL, NULL, NULL, NULL, NULL, 313, NULL, NULL);
INSERT INTO public.planet VALUES (78, 16, 'Benda ', NULL, NULL, 'First                         ', '1×M                           ', NULL, NULL, NULL, NULL, NULL, 265, NULL, NULL);
INSERT INTO public.planet VALUES (79, 16, 'Notanban ', NULL, NULL, 'Third                         ', '                              ', NULL, NULL, NULL, NULL, NULL, 12, NULL, NULL);
INSERT INTO public.planet VALUES (80, 16, 'Solcrum ', NULL, NULL, 'Notanban                      ', '1×L 2×R 1×W                   ', NULL, NULL, NULL, NULL, NULL, 271, NULL, NULL);
INSERT INTO public.planet VALUES (81, 16, 'Zaherux ', NULL, NULL, 'Second                        ', '1×L                           ', NULL, NULL, NULL, NULL, NULL, 87, NULL, NULL);
INSERT INTO public.planet VALUES (82, 17, 'Farcrothu ', NULL, NULL, 'Fourth                        ', '                              ', NULL, NULL, NULL, NULL, NULL, 200, NULL, NULL);
INSERT INTO public.planet VALUES (83, 17, 'Huningto ', NULL, NULL, 'Second                        ', '                              ', NULL, NULL, NULL, NULL, NULL, 181, NULL, NULL);
INSERT INTO public.planet VALUES (84, 17, 'Mavigon ', NULL, NULL, 'Third                         ', '1×H 1×L 1×T                   ', NULL, NULL, NULL, NULL, NULL, 162, NULL, NULL);
INSERT INTO public.planet VALUES (85, 17, 'Paravin ', NULL, NULL, 'First                         ', '1×W                           ', NULL, NULL, NULL, NULL, NULL, 83, NULL, NULL);
INSERT INTO public.planet VALUES (86, 17, 'Patatanlis ', NULL, NULL, 'Fifth                         ', '1×L                           ', NULL, NULL, NULL, NULL, NULL, 227, NULL, NULL);
INSERT INTO public.planet VALUES (87, 18, 'Eletania ', NULL, NULL, 'Third                         ', '2×H                           ', NULL, NULL, NULL, NULL, NULL, 276, NULL, NULL);
INSERT INTO public.planet VALUES (88, 18, 'Syided ', NULL, NULL, 'Second                        ', '1×M                           ', NULL, NULL, NULL, NULL, NULL, 171, NULL, NULL);
INSERT INTO public.planet VALUES (89, 18, 'Xathorron ', NULL, NULL, 'First                         ', '                              ', NULL, NULL, NULL, NULL, NULL, 244, NULL, NULL);
INSERT INTO public.planet VALUES (90, 18, 'Zatorus ', NULL, NULL, 'Fourth                        ', '1×H                           ', NULL, NULL, NULL, NULL, NULL, 199, NULL, NULL);
INSERT INTO public.planet VALUES (92, 19, 'Clobaka ', NULL, NULL, 'Fourth                        ', '                              ', NULL, NULL, NULL, NULL, NULL, 169, NULL, NULL);
INSERT INTO public.planet VALUES (93, 19, 'Clugon ', NULL, NULL, 'Third                         ', '                              ', NULL, NULL, NULL, NULL, NULL, 239, NULL, NULL);
INSERT INTO public.planet VALUES (94, 19, 'Matol ', NULL, NULL, 'Second                        ', '                              ', NULL, NULL, NULL, NULL, NULL, 1, NULL, NULL);
INSERT INTO public.planet VALUES (95, 19, 'MSV Fedele ', NULL, NULL, 'UNKNOWN                       ', '                              ', NULL, NULL, NULL, NULL, NULL, 228, NULL, NULL);
INSERT INTO public.planet VALUES (96, 19, 'Tungel ', NULL, NULL, 'First                         ', '                              ', NULL, NULL, NULL, NULL, NULL, 302, NULL, NULL);
INSERT INTO public.planet VALUES (97, 20, 'Cloroplon ', NULL, NULL, 'Fourth                        ', '                              ', NULL, NULL, NULL, NULL, NULL, 145, NULL, NULL);
INSERT INTO public.planet VALUES (98, 20, 'Jarfor ', NULL, NULL, 'First                         ', '                              ', NULL, NULL, NULL, NULL, NULL, 30, NULL, NULL);
INSERT INTO public.planet VALUES (99, 20, 'Nemata ', NULL, NULL, 'Second                        ', '                              ', NULL, NULL, NULL, NULL, NULL, 182, NULL, NULL);
INSERT INTO public.planet VALUES (100, 20, 'Prescyla ', NULL, NULL, 'Fifth                         ', '                              ', NULL, NULL, NULL, NULL, NULL, 153, NULL, NULL);
INSERT INTO public.planet VALUES (101, 20, 'Virmire ', NULL, NULL, 'Third                         ', '                              ', NULL, NULL, NULL, NULL, NULL, 38, NULL, NULL);
INSERT INTO public.planet VALUES (102, 21, 'Casbin ', NULL, NULL, 'Second                        ', '1×H 2×R 1×T                   ', NULL, NULL, NULL, NULL, NULL, 201, NULL, NULL);
INSERT INTO public.planet VALUES (103, 21, 'Matar ', NULL, NULL, 'Third                         ', '1×W                           ', NULL, NULL, NULL, NULL, NULL, 85, NULL, NULL);
INSERT INTO public.planet VALUES (104, 21, 'Pomal ', NULL, NULL, 'First                         ', '                              ', NULL, NULL, NULL, NULL, NULL, 262, NULL, NULL);
INSERT INTO public.planet VALUES (105, 21, 'Theshaca ', NULL, NULL, 'Fourth                        ', '                              ', NULL, NULL, NULL, NULL, NULL, 307, NULL, NULL);
INSERT INTO public.planet VALUES (106, 21, 'Treagir ', NULL, NULL, 'Fifth                         ', '1×L                           ', NULL, NULL, NULL, NULL, NULL, 3, NULL, NULL);
INSERT INTO public.planet VALUES (107, 22, 'Canrum ', NULL, NULL, 'Fourth                        ', '1×I                           ', NULL, NULL, NULL, NULL, NULL, 276, NULL, NULL);
INSERT INTO public.planet VALUES (108, 22, 'Metgos ', NULL, NULL, 'Second                        ', '1×H 1×R 1×I                   ', NULL, NULL, NULL, NULL, NULL, 115, NULL, NULL);
INSERT INTO public.planet VALUES (109, 22, 'Syba ', NULL, NULL, 'Fifth                         ', '1×G                           ', NULL, NULL, NULL, NULL, NULL, 82, NULL, NULL);
INSERT INTO public.planet VALUES (110, 22, 'Theyar ', NULL, NULL, 'Third                         ', '                              ', NULL, NULL, NULL, NULL, NULL, 116, NULL, NULL);
INSERT INTO public.planet VALUES (111, 22, 'Varmalus ', NULL, NULL, 'First                         ', '                              ', NULL, NULL, NULL, NULL, NULL, 53, NULL, NULL);
INSERT INTO public.planet VALUES (114, 23, 'Archanes ', NULL, NULL, 'Fifth                         ', '1×G                           ', NULL, NULL, NULL, NULL, NULL, 155, NULL, NULL);
INSERT INTO public.planet VALUES (115, 23, 'Armeni ', NULL, NULL, 'Fourth                        ', '                              ', NULL, NULL, NULL, NULL, NULL, 135, NULL, NULL);
INSERT INTO public.planet VALUES (116, 23, 'Phaistos ', NULL, NULL, 'First                         ', '                              ', NULL, NULL, NULL, NULL, NULL, 212, NULL, NULL);
INSERT INTO public.planet VALUES (117, 23, 'Therum ', NULL, NULL, 'Second                        ', '                              ', NULL, NULL, NULL, NULL, NULL, 307, NULL, NULL);
INSERT INTO public.planet VALUES (118, 23, 'Zakros ', NULL, NULL, 'Third                         ', '                              ', NULL, NULL, NULL, NULL, NULL, 296, NULL, NULL);
INSERT INTO public.planet VALUES (120, 24, 'Fargeluse ', NULL, NULL, 'Fourth                        ', '1×G                           ', NULL, NULL, NULL, NULL, NULL, 83, NULL, NULL);
INSERT INTO public.planet VALUES (121, 24, 'Patavig ', NULL, NULL, 'Third                         ', '                              ', NULL, NULL, NULL, NULL, NULL, 110, NULL, NULL);
INSERT INTO public.planet VALUES (122, 24, 'Porolan ', NULL, NULL, 'Second                        ', '1×W                           ', NULL, NULL, NULL, NULL, NULL, 159, NULL, NULL);
INSERT INTO public.planet VALUES (123, 24, 'Sharjila ', NULL, NULL, 'First                         ', '1×L 2×R 1×W                   ', NULL, NULL, NULL, NULL, NULL, 76, NULL, NULL);
INSERT INTO public.planet VALUES (126, 25, 'Apo ', NULL, NULL, 'Third                         ', '                              ', NULL, NULL, NULL, NULL, NULL, 209, NULL, NULL);
INSERT INTO public.planet VALUES (127, 25, 'Chasca ', NULL, NULL, 'Second                        ', '1×H 1×L 1×R 1×D               ', NULL, NULL, NULL, NULL, NULL, 305, NULL, NULL);
INSERT INTO public.planet VALUES (128, 25, 'Illapa ', NULL, NULL, 'Fourth                        ', '                              ', NULL, NULL, NULL, NULL, NULL, 324, NULL, NULL);
INSERT INTO public.planet VALUES (129, 25, 'Inti ', NULL, NULL, 'First                         ', '                              ', NULL, NULL, NULL, NULL, NULL, 137, NULL, NULL);
INSERT INTO public.planet VALUES (130, 25, 'Supay ', NULL, NULL, 'Fifth                         ', '1×L                           ', NULL, NULL, NULL, NULL, NULL, 256, NULL, NULL);
INSERT INTO public.planet VALUES (131, 26, 'Altanorch ', NULL, NULL, 'Third                         ', '1×M                           ', NULL, NULL, NULL, NULL, NULL, 153, NULL, NULL);
INSERT INTO public.planet VALUES (132, 26, 'Antiroprus ', NULL, NULL, 'First                         ', '                              ', NULL, NULL, NULL, NULL, NULL, 85, NULL, NULL);
INSERT INTO public.planet VALUES (133, 26, 'MSV Worthington ', NULL, NULL, 'UNKNOWN                       ', '                              ', NULL, NULL, NULL, NULL, NULL, 318, NULL, NULL);
INSERT INTO public.planet VALUES (134, 26, 'Parag ', NULL, NULL, 'Second                        ', '1×L                           ', NULL, NULL, NULL, NULL, NULL, 150, NULL, NULL);
INSERT INTO public.planet VALUES (135, 27, 'Juncro ', NULL, NULL, 'Third                         ', '1×G                           ', NULL, NULL, NULL, NULL, NULL, 139, NULL, NULL);
INSERT INTO public.planet VALUES (136, 27, 'Klencory ', NULL, NULL, 'Second                        ', '1×W                           ', NULL, NULL, NULL, NULL, NULL, 157, NULL, NULL);
INSERT INTO public.planet VALUES (137, 27, 'Ontarom ', NULL, NULL, 'First                         ', '2×H 1×I                       ', NULL, NULL, NULL, NULL, NULL, 12, NULL, NULL);
INSERT INTO public.planet VALUES (138, 27, 'Sesmose ', NULL, NULL, 'Fourth                        ', '                              ', NULL, NULL, NULL, NULL, NULL, 285, NULL, NULL);
INSERT INTO public.planet VALUES (139, 28, 'Morana ', NULL, NULL, 'Third                         ', '                              ', NULL, NULL, NULL, NULL, NULL, 123, NULL, NULL);
INSERT INTO public.planet VALUES (140, 28, 'Noveria ', NULL, NULL, 'Second                        ', '                              ', NULL, NULL, NULL, NULL, NULL, 22, NULL, NULL);
INSERT INTO public.planet VALUES (141, 28, 'Svarog ', NULL, NULL, 'First                         ', '                              ', NULL, NULL, NULL, NULL, NULL, 239, NULL, NULL);
INSERT INTO public.planet VALUES (142, 28, 'Veles ', NULL, NULL, 'Fourth                        ', '1×W                           ', NULL, NULL, NULL, NULL, NULL, 173, NULL, NULL);
INSERT INTO public.planet VALUES (144, 29, 'Intaisei ', NULL, NULL, 'Fifth                         ', '                              ', NULL, NULL, NULL, NULL, NULL, 272, NULL, NULL);
INSERT INTO public.planet VALUES (145, 29, 'Patashi ', NULL, NULL, 'First                         ', '1×R                           ', NULL, NULL, NULL, NULL, NULL, 231, NULL, NULL);
INSERT INTO public.planet VALUES (146, 29, 'Sylsalto ', NULL, NULL, 'Second                        ', '                              ', NULL, NULL, NULL, NULL, NULL, 325, NULL, NULL);
INSERT INTO public.planet VALUES (147, 29, 'Tuntau ', NULL, NULL, 'Third                         ', '1×H 1×L 1×W                   ', NULL, NULL, NULL, NULL, NULL, 46, NULL, NULL);
INSERT INTO public.planet VALUES (148, 29, 'Vebinok ', NULL, NULL, 'Fourth                        ', '1×L                           ', NULL, NULL, NULL, NULL, NULL, 99, NULL, NULL);
INSERT INTO public.planet VALUES (149, 30, 'Clocrolis ', NULL, NULL, 'Third                         ', '1×R                           ', NULL, NULL, NULL, NULL, NULL, 159, NULL, NULL);
INSERT INTO public.planet VALUES (150, 30, 'Maidla ', NULL, NULL, 'Second                        ', '                              ', NULL, NULL, NULL, NULL, NULL, 132, NULL, NULL);
INSERT INTO public.planet VALUES (151, 30, 'Mingito ', NULL, NULL, 'First                         ', '1×R                           ', NULL, NULL, NULL, NULL, NULL, 322, NULL, NULL);
INSERT INTO public.planet VALUES (152, 30, 'Nonuel ', NULL, NULL, 'Fourth                        ', '1×L 1×R 1×M 1×W               ', NULL, NULL, NULL, NULL, NULL, 293, NULL, NULL);
INSERT INTO public.planet VALUES (153, 30, 'Veyaria ', NULL, NULL, 'Fifth                         ', '                              ', NULL, NULL, NULL, NULL, NULL, 87, NULL, NULL);
INSERT INTO public.planet VALUES (154, 31, 'Agetoton ', NULL, NULL, 'First                         ', '                              ', NULL, NULL, NULL, NULL, NULL, 190, NULL, NULL);
INSERT INTO public.planet VALUES (155, 31, 'Ilos ', NULL, NULL, 'Second                        ', '                              ', NULL, NULL, NULL, NULL, NULL, 96, NULL, NULL);
INSERT INTO public.planet VALUES (156, 31, 'Zafe ', NULL, NULL, 'Third                         ', '                              ', NULL, NULL, NULL, NULL, NULL, 209, NULL, NULL);
INSERT INTO public.planet VALUES (157, 32, 'Earth ', NULL, NULL, 'Third                         ', '                              ', NULL, NULL, NULL, NULL, NULL, 34, NULL, NULL);
INSERT INTO public.planet VALUES (158, 32, 'Jupiter ', NULL, NULL, 'Fifth                         ', '                              ', NULL, NULL, NULL, NULL, NULL, 195, NULL, NULL);
INSERT INTO public.planet VALUES (159, 32, 'Luna ', NULL, NULL, 'Earth                         ', '                              ', NULL, NULL, NULL, NULL, NULL, 9, NULL, NULL);
INSERT INTO public.planet VALUES (160, 32, 'Mars ', NULL, NULL, 'Fourth                        ', '                              ', NULL, NULL, NULL, NULL, NULL, 327, NULL, NULL);
INSERT INTO public.planet VALUES (161, 32, 'Mercury ', NULL, NULL, 'First                         ', '                              ', NULL, NULL, NULL, NULL, NULL, 17, NULL, NULL);
INSERT INTO public.planet VALUES (162, 32, 'Neptune ', NULL, NULL, 'Eighth                        ', '                              ', NULL, NULL, NULL, NULL, NULL, 252, NULL, NULL);
INSERT INTO public.planet VALUES (163, 32, 'Pluto ', NULL, NULL, 'Ninth                         ', '                              ', NULL, NULL, NULL, NULL, NULL, 305, NULL, NULL);
INSERT INTO public.planet VALUES (164, 32, 'Saturn ', NULL, NULL, 'Sixth                         ', '                              ', NULL, NULL, NULL, NULL, NULL, 140, NULL, NULL);
INSERT INTO public.planet VALUES (165, 32, 'Uranus ', NULL, NULL, 'Seventh                       ', '                              ', NULL, NULL, NULL, NULL, NULL, 147, NULL, NULL);
INSERT INTO public.planet VALUES (166, 32, 'Venus ', NULL, NULL, 'Second                        ', '                              ', NULL, NULL, NULL, NULL, NULL, 22, NULL, NULL);
INSERT INTO public.planet VALUES (167, 33, '(asteroid cluster) ', NULL, NULL, 'UNKNOWN                       ', '1×D                           ', NULL, NULL, NULL, NULL, NULL, 320, NULL, NULL);
INSERT INTO public.planet VALUES (168, 33, 'Alsages ', NULL, NULL, 'Fifth                         ', '1×R                           ', NULL, NULL, NULL, NULL, NULL, 320, NULL, NULL);
INSERT INTO public.planet VALUES (169, 33, 'Altaaya ', NULL, NULL, 'Third                         ', '                              ', NULL, NULL, NULL, NULL, NULL, 4, NULL, NULL);
INSERT INTO public.planet VALUES (170, 33, 'Edolus ', NULL, NULL, 'Second                        ', '1×H 1×L 1×R 1×T               ', NULL, NULL, NULL, NULL, NULL, 182, NULL, NULL);
INSERT INTO public.planet VALUES (171, 33, 'Ontamalca ', NULL, NULL, 'Fourth                        ', '1×G                           ', NULL, NULL, NULL, NULL, NULL, 118, NULL, NULL);
INSERT INTO public.planet VALUES (172, 33, 'Tremanre ', NULL, NULL, 'First                         ', '                              ', NULL, NULL, NULL, NULL, NULL, 106, NULL, NULL);
INSERT INTO public.planet VALUES (173, 34, 'Antitarra ', NULL, NULL, 'Second                        ', '1×G                           ', NULL, NULL, NULL, NULL, NULL, 246, NULL, NULL);
INSERT INTO public.planet VALUES (174, 34, 'MSV Majesty ', NULL, NULL, 'UNKNOWN                       ', '                              ', NULL, NULL, NULL, NULL, NULL, 115, NULL, NULL);
INSERT INTO public.planet VALUES (175, 34, 'Thesalgon ', NULL, NULL, 'Fifth                         ', '                              ', NULL, NULL, NULL, NULL, NULL, 21, NULL, NULL);
INSERT INTO public.planet VALUES (176, 34, 'Trelyn ', NULL, NULL, 'Third                         ', '                              ', NULL, NULL, NULL, NULL, NULL, 119, NULL, NULL);
INSERT INTO public.planet VALUES (177, 34, 'Xawin ', NULL, NULL, 'Fourth                        ', '2×H 1×L 1×I                   ', NULL, NULL, NULL, NULL, NULL, 175, NULL, NULL);
INSERT INTO public.planet VALUES (178, 34, 'Yunthorl ', NULL, NULL, 'First                         ', '1×M                           ', NULL, NULL, NULL, NULL, NULL, 231, NULL, NULL);
INSERT INTO public.planet VALUES (180, 35, 'Antibaar ', NULL, NULL, 'First                         ', '1×H 2×L 1×D                   ', NULL, NULL, NULL, NULL, NULL, 164, NULL, NULL);
INSERT INTO public.planet VALUES (181, 35, 'Hunsalra ', NULL, NULL, 'Third                         ', '                              ', NULL, NULL, NULL, NULL, NULL, 160, NULL, NULL);
INSERT INTO public.planet VALUES (182, 35, 'Mawinor ', NULL, NULL, 'Sixth                         ', '                              ', NULL, NULL, NULL, NULL, NULL, 179, NULL, NULL);
INSERT INTO public.planet VALUES (183, 35, 'Patamalrus ', NULL, NULL, 'Second                        ', '1×H                           ', NULL, NULL, NULL, NULL, NULL, 60, NULL, NULL);
INSERT INTO public.planet VALUES (184, 35, 'Solmarlon ', NULL, NULL, 'Fifth                         ', '                              ', NULL, NULL, NULL, NULL, NULL, 185, NULL, NULL);
INSERT INTO public.planet VALUES (185, 35, 'Thegeuse ', NULL, NULL, 'Fourth                        ', '1×H                           ', NULL, NULL, NULL, NULL, NULL, 211, NULL, NULL);
INSERT INTO public.planet VALUES (186, 36, 'Feros ', NULL, NULL, 'Second                        ', '                              ', NULL, NULL, NULL, NULL, NULL, 236, NULL, NULL);
INSERT INTO public.planet VALUES (187, 36, 'Logan ', NULL, NULL, 'Fifth                         ', '                              ', NULL, NULL, NULL, NULL, NULL, 192, NULL, NULL);
INSERT INTO public.planet VALUES (188, 36, 'Quana ', NULL, NULL, 'Fourth                        ', '1×L                           ', NULL, NULL, NULL, NULL, NULL, 160, NULL, NULL);
INSERT INTO public.planet VALUES (189, 36, 'Sharring ', NULL, NULL, 'Third                         ', '1×D                           ', NULL, NULL, NULL, NULL, NULL, 120, NULL, NULL);
INSERT INTO public.planet VALUES (190, 36, 'Sytau ', NULL, NULL, 'First                         ', '                              ', NULL, NULL, NULL, NULL, NULL, 29, NULL, NULL);
INSERT INTO public.planet VALUES (191, 37, 'Arcadia ', NULL, NULL, 'First                         ', '                              ', NULL, NULL, NULL, NULL, NULL, 306, NULL, NULL);
INSERT INTO public.planet VALUES (192, 37, 'Eden Prime ', NULL, NULL, 'Second                        ', '                              ', NULL, NULL, NULL, NULL, NULL, 157, NULL, NULL);
INSERT INTO public.planet VALUES (193, 37, 'Nirvana ', NULL, NULL, 'Fourth                        ', '                              ', NULL, NULL, NULL, NULL, NULL, 155, NULL, NULL);
INSERT INTO public.planet VALUES (194, 37, 'Xanadu ', NULL, NULL, 'Fifth                         ', '                              ', NULL, NULL, NULL, NULL, NULL, 314, NULL, NULL);
INSERT INTO public.planet VALUES (195, 37, 'Zion ', NULL, NULL, 'Third                         ', '                              ', NULL, NULL, NULL, NULL, NULL, 322, NULL, NULL);
INSERT INTO public.planet VALUES (196, 38, 'Almos ', NULL, NULL, 'Third                         ', '                              ', NULL, NULL, NULL, NULL, NULL, 277, NULL, NULL);
INSERT INTO public.planet VALUES (197, 38, 'Maji ', NULL, NULL, 'First                         ', '2×L 1×R 1×I                   ', NULL, NULL, NULL, NULL, NULL, 253, NULL, NULL);
INSERT INTO public.planet VALUES (198, 38, 'Pregel ', NULL, NULL, 'Second                        ', '1×I                           ', NULL, NULL, NULL, NULL, NULL, 13, NULL, NULL);
INSERT INTO public.planet VALUES (200, 39, 'Alko ', NULL, NULL, 'Third                         ', '                              ', NULL, NULL, NULL, NULL, NULL, 22, NULL, NULL);
INSERT INTO public.planet VALUES (201, 39, 'Clomarthu ', NULL, NULL, 'First                         ', '                              ', NULL, NULL, NULL, NULL, NULL, 155, NULL, NULL);
INSERT INTO public.planet VALUES (202, 39, 'Nodacrux ', NULL, NULL, 'Second                        ', '1×H 1×L 1×I                   ', NULL, NULL, NULL, NULL, NULL, 217, NULL, NULL);
INSERT INTO public.planet VALUES (203, 39, 'Pataiton ', NULL, NULL, 'Fourth                        ', '1×W                           ', NULL, NULL, NULL, NULL, NULL, 189, NULL, NULL);
INSERT INTO public.planet VALUES (204, 40, 'Citadel ', NULL, NULL, 'UNKNOWN                       ', '                              ', NULL, NULL, NULL, NULL, NULL, 110, NULL, NULL);
INSERT INTO public.planet VALUES (205, 41, 'Alrumter ', NULL, NULL, 'Fourth                        ', '1×D                           ', NULL, NULL, NULL, NULL, NULL, 69, NULL, NULL);
INSERT INTO public.planet VALUES (206, 41, 'Binthu ', NULL, NULL, 'Second                        ', '1×H 1×R 1×D                   ', NULL, NULL, NULL, NULL, NULL, 147, NULL, NULL);
INSERT INTO public.planet VALUES (207, 41, 'Dregir ', NULL, NULL, 'Third                         ', '1×L                           ', NULL, NULL, NULL, NULL, NULL, 213, NULL, NULL);
INSERT INTO public.planet VALUES (208, 41, 'Patajiri ', NULL, NULL, 'Fifth                         ', '1×R                           ', NULL, NULL, NULL, NULL, NULL, 268, NULL, NULL);
INSERT INTO public.planet VALUES (209, 41, 'Renshato ', NULL, NULL, 'First                         ', '                              ', NULL, NULL, NULL, NULL, NULL, 190, NULL, NULL);


--
-- Data for Name: spacecraft; Type: TABLE DATA; Schema: public; Owner: freecodecamp
--



--
-- Data for Name: star; Type: TABLE DATA; Schema: public; Owner: freecodecamp
--

INSERT INTO public.star VALUES (1, 1, 'Acheron ', NULL, NULL, 46, NULL, 70353, NULL, NULL);
INSERT INTO public.star VALUES (2, 2, 'Amazon ', NULL, NULL, 151, NULL, 76193, NULL, NULL);
INSERT INTO public.star VALUES (3, 3, 'Antaeus ', NULL, NULL, 48, NULL, 55147, NULL, NULL);
INSERT INTO public.star VALUES (4, 4, 'Asgard ', NULL, NULL, 74, NULL, 95598, NULL, NULL);
INSERT INTO public.star VALUES (5, 5, 'Athens ', NULL, NULL, 253, NULL, 92187, NULL, NULL);
INSERT INTO public.star VALUES (6, 3, 'Cacus ', NULL, NULL, 121, NULL, 84172, NULL, NULL);
INSERT INTO public.star VALUES (7, 6, 'Caspian ', NULL, NULL, 173, NULL, 120986, NULL, NULL);
INSERT INTO public.star VALUES (8, 7, 'Century ', NULL, NULL, 197, NULL, 78049, NULL, NULL);
INSERT INTO public.star VALUES (9, 2, 'Columbia ', NULL, NULL, 122, NULL, 34645, NULL, NULL);
INSERT INTO public.star VALUES (10, 3, 'Dis ', NULL, NULL, 194, NULL, 103354, NULL, NULL);
INSERT INTO public.star VALUES (11, 1, 'Erebus ', NULL, NULL, 25, NULL, 3742, NULL, NULL);
INSERT INTO public.star VALUES (12, 3, 'Farinata ', NULL, NULL, 202, NULL, 9979, NULL, NULL);
INSERT INTO public.star VALUES (13, 8, 'Fortuna ', NULL, NULL, 299, NULL, 108386, NULL, NULL);
INSERT INTO public.star VALUES (14, 9, 'Gagarin ', NULL, NULL, 281, NULL, 21859, NULL, NULL);
INSERT INTO public.star VALUES (15, 10, 'Gorgon ', NULL, NULL, 26, NULL, 77672, NULL, NULL);
INSERT INTO public.star VALUES (16, 9, 'Grissom ', NULL, NULL, 106, NULL, 119932, NULL, NULL);
INSERT INTO public.star VALUES (17, 11, 'Han ', NULL, NULL, 53, NULL, 57437, NULL, NULL);
INSERT INTO public.star VALUES (18, 12, 'Hercules ', NULL, NULL, 39, NULL, 39069, NULL, NULL);
INSERT INTO public.star VALUES (19, 13, 'Herschel ', NULL, NULL, 36, NULL, 116652, NULL, NULL);
INSERT INTO public.star VALUES (20, 14, 'Hoc ', NULL, NULL, 8, NULL, 45895, NULL, NULL);
INSERT INTO public.star VALUES (21, 9, 'Hong ', NULL, NULL, 113, NULL, 69519, NULL, NULL);
INSERT INTO public.star VALUES (22, 10, 'Hydra ', NULL, NULL, 111, NULL, 69991, NULL, NULL);
INSERT INTO public.star VALUES (23, 5, 'Knossos ', NULL, NULL, 81, NULL, 53692, NULL, NULL);
INSERT INTO public.star VALUES (24, 5, 'Macedon ', NULL, NULL, 189, NULL, 47897, NULL, NULL);
INSERT INTO public.star VALUES (25, 6, 'Matano ', NULL, NULL, 77, NULL, 19622, NULL, NULL);
INSERT INTO public.star VALUES (26, 11, 'Ming ', NULL, NULL, 61, NULL, 98113, NULL, NULL);
INSERT INTO public.star VALUES (27, 13, 'Newton ', NULL, NULL, 189, NULL, 80599, NULL, NULL);
INSERT INTO public.star VALUES (28, 8, 'Pax ', NULL, NULL, 151, NULL, 120756, NULL, NULL);
INSERT INTO public.star VALUES (29, 10, 'Phoenix ', NULL, NULL, 50, NULL, 106768, NULL, NULL);
INSERT INTO public.star VALUES (30, 3, 'Plutus ', NULL, NULL, 281, NULL, 56831, NULL, NULL);
INSERT INTO public.star VALUES (31, 15, 'Refuge ', NULL, NULL, 23, NULL, 88136, NULL, NULL);
INSERT INTO public.star VALUES (32, 16, 'Sol ', NULL, NULL, 10, NULL, 39509, NULL, NULL);
INSERT INTO public.star VALUES (33, 5, 'Sparta ', NULL, NULL, 224, NULL, 53329, NULL, NULL);
INSERT INTO public.star VALUES (34, 8, 'Strenuus ', NULL, NULL, 163, NULL, 108923, NULL, NULL);
INSERT INTO public.star VALUES (35, 9, 'Tereshkova ', NULL, NULL, 244, NULL, 4332, NULL, NULL);
INSERT INTO public.star VALUES (36, 12, 'Theseus ', NULL, NULL, 266, NULL, 36360, NULL, NULL);
INSERT INTO public.star VALUES (37, 4, 'Utopia ', NULL, NULL, 68, NULL, 109336, NULL, NULL);
INSERT INTO public.star VALUES (38, 9, 'Vamshi ', NULL, NULL, 172, NULL, 57740, NULL, NULL);
INSERT INTO public.star VALUES (39, 6, 'Vostok ', NULL, NULL, 238, NULL, 122026, NULL, NULL);
INSERT INTO public.star VALUES (40, 17, 'Widow ', NULL, NULL, 130, NULL, 36845, NULL, NULL);
INSERT INTO public.star VALUES (41, 2, 'Yangtze ', NULL, NULL, 52, NULL, 79443, NULL, NULL);


--
-- Name: employees_employe_id_seq; Type: SEQUENCE SET; Schema: public; Owner: freecodecamp
--

SELECT pg_catalog.setval('public.employees_employe_id_seq', 1, false);


--
-- Name: galaxy_galaxy_id_seq; Type: SEQUENCE SET; Schema: public; Owner: freecodecamp
--

SELECT pg_catalog.setval('public.galaxy_galaxy_id_seq', 34, true);


--
-- Name: moon_moon_id_seq; Type: SEQUENCE SET; Schema: public; Owner: freecodecamp
--

SELECT pg_catalog.setval('public.moon_moon_id_seq', 53, true);


--
-- Name: planet_planet_id_seq; Type: SEQUENCE SET; Schema: public; Owner: freecodecamp
--

SELECT pg_catalog.setval('public.planet_planet_id_seq', 209, true);


--
-- Name: spacecraft_spacecraft_id_seq; Type: SEQUENCE SET; Schema: public; Owner: freecodecamp
--

SELECT pg_catalog.setval('public.spacecraft_spacecraft_id_seq', 1, false);


--
-- Name: star_star_id_seq; Type: SEQUENCE SET; Schema: public; Owner: freecodecamp
--

SELECT pg_catalog.setval('public.star_star_id_seq', 41, true);


--
-- Name: employees employees_name_key; Type: CONSTRAINT; Schema: public; Owner: freecodecamp
--

ALTER TABLE ONLY public.employees
    ADD CONSTRAINT employees_name_key UNIQUE (name);


--
-- Name: employees employees_pkey; Type: CONSTRAINT; Schema: public; Owner: freecodecamp
--

ALTER TABLE ONLY public.employees
    ADD CONSTRAINT employees_pkey PRIMARY KEY (employe_id);


--
-- Name: galaxy galaxy_name_key; Type: CONSTRAINT; Schema: public; Owner: freecodecamp
--

ALTER TABLE ONLY public.galaxy
    ADD CONSTRAINT galaxy_name_key UNIQUE (name);


--
-- Name: galaxy galaxy_pkey; Type: CONSTRAINT; Schema: public; Owner: freecodecamp
--

ALTER TABLE ONLY public.galaxy
    ADD CONSTRAINT galaxy_pkey PRIMARY KEY (galaxy_id);


--
-- Name: moon moon_name_key; Type: CONSTRAINT; Schema: public; Owner: freecodecamp
--

ALTER TABLE ONLY public.moon
    ADD CONSTRAINT moon_name_key UNIQUE (name);


--
-- Name: moon moon_pkey; Type: CONSTRAINT; Schema: public; Owner: freecodecamp
--

ALTER TABLE ONLY public.moon
    ADD CONSTRAINT moon_pkey PRIMARY KEY (moon_id);


--
-- Name: planet planet_name_key; Type: CONSTRAINT; Schema: public; Owner: freecodecamp
--

ALTER TABLE ONLY public.planet
    ADD CONSTRAINT planet_name_key UNIQUE (name);


--
-- Name: planet planet_pkey; Type: CONSTRAINT; Schema: public; Owner: freecodecamp
--

ALTER TABLE ONLY public.planet
    ADD CONSTRAINT planet_pkey PRIMARY KEY (planet_id);


--
-- Name: spacecraft spacecraft_name_key; Type: CONSTRAINT; Schema: public; Owner: freecodecamp
--

ALTER TABLE ONLY public.spacecraft
    ADD CONSTRAINT spacecraft_name_key UNIQUE (name);


--
-- Name: spacecraft spacecraft_pkey; Type: CONSTRAINT; Schema: public; Owner: freecodecamp
--

ALTER TABLE ONLY public.spacecraft
    ADD CONSTRAINT spacecraft_pkey PRIMARY KEY (spacecraft_id);


--
-- Name: star star_name_key; Type: CONSTRAINT; Schema: public; Owner: freecodecamp
--

ALTER TABLE ONLY public.star
    ADD CONSTRAINT star_name_key UNIQUE (name);


--
-- Name: star star_pkey; Type: CONSTRAINT; Schema: public; Owner: freecodecamp
--

ALTER TABLE ONLY public.star
    ADD CONSTRAINT star_pkey PRIMARY KEY (star_id);


--
-- Name: star fk_galaxy; Type: FK CONSTRAINT; Schema: public; Owner: freecodecamp
--

ALTER TABLE ONLY public.star
    ADD CONSTRAINT fk_galaxy FOREIGN KEY (galaxy_id) REFERENCES public.galaxy(galaxy_id);


--
-- Name: moon fk_planet; Type: FK CONSTRAINT; Schema: public; Owner: freecodecamp
--

ALTER TABLE ONLY public.moon
    ADD CONSTRAINT fk_planet FOREIGN KEY (planet_id) REFERENCES public.planet(planet_id);


--
-- Name: spacecraft fk_planet; Type: FK CONSTRAINT; Schema: public; Owner: freecodecamp
--

ALTER TABLE ONLY public.spacecraft
    ADD CONSTRAINT fk_planet FOREIGN KEY (planet_id) REFERENCES public.planet(planet_id);


--
-- Name: employees fk_spacecraft; Type: FK CONSTRAINT; Schema: public; Owner: freecodecamp
--

ALTER TABLE ONLY public.employees
    ADD CONSTRAINT fk_spacecraft FOREIGN KEY (spacecraft_id) REFERENCES public.spacecraft(spacecraft_id);


--
-- Name: planet fk_star; Type: FK CONSTRAINT; Schema: public; Owner: freecodecamp
--

ALTER TABLE ONLY public.planet
    ADD CONSTRAINT fk_star FOREIGN KEY (star_id) REFERENCES public.star(star_id);


--
-- PostgreSQL database dump complete
--

